{
  "type": "polynomial_surface",
  "order": 1,
  "terms": ["1", "x", "y", "x y"],
  "coefficients": [1223.752819, -0.5321731467, -49.66998111, 0.0216100513],
  "covariance matrix":
    [
      [4.19049e+02, -1.76506e-01, -1.69600e+01, 7.24490e-03], 
      [-1.76506e-01, 7.44288e-05, 7.14270e-03, -3.05156e-06], 
      [-1.69600e+01, 7.14270e-03, 6.89639e-01, -2.94595e-04], 
      [7.24490e-03, -3.05156e-06, -2.94595e-04, 1.25846e-07]
    ],
  "axes": ["X_IMAGE","Y_IMAGE","FWHM_IMAGE"],
  "chisq": 1878.47,
  "chisq_nu": inf
  "data_has_uncertainties": 0,
  "ndata": 5,
  "data":
    [
      [2340.47900, 299.20600, 257.32000],
      [2309.16900, 118.59400, 4.22000],
      [2421.15300, 34.42700, 2.61000],
      [694.86400, 24.68700, 3.00000],
      [2634.55900, 20.79700, 2.79000]
    ],
  "xdata":
    [
      2340.47900,
      2309.16900,
      2421.15300,
      694.86400,
      2634.55900
    ],
  "ydata":
    [
      299.20600,
      118.59400,
      34.42700,
      24.68700,
      20.79700
    ],
  "zdata":
    [
      257.32000,
      4.22000,
      2.61000,
      3.00000,
      2.79000
    ]
}
